{"cameraMode":{"drawMode":0,"name":"Shaded","section":"Shading Mode"},"sceneLighting":false,"audioPlay":false,"sceneViewState":{"showFog":false,"showMaterialUpdate":false,"showSkybox":false,"showFlares":false,"showImageEffects":false,"showParticleSystems":false},"in2DMode":false,"pivot":{"x":123.44754791259766,"y":61.12354278564453,"z":5.607818603515625},"rotation":{"x":-0.00048432336188852787,"y":0.9978117942810059,"z":-0.06626139581203461,"w":-0.007184462156146765},"size":181.13075256347657,"orthographic":false}