{"cameraMode":{"drawMode":0,"name":"Shaded","section":"Shading Mode"},"sceneLighting":true,"audioPlay":false,"sceneViewState":{"showFog":false,"showMaterialUpdate":false,"showSkybox":false,"showFlares":false,"showImageEffects":false,"showParticleSystems":false},"in2DMode":false,"pivot":{"x":705.3070678710938,"y":1295.5635986328125,"z":0.0},"rotation":{"x":0.004805026110261679,"y":-0.044988930225372317,"z":0.00021634469158016145,"w":0.9989773631095886},"size":2016.4503173828125,"orthographic":false}