{"cameraMode":{"drawMode":0,"name":"Shaded","section":"Shading Mode"},"sceneLighting":true,"audioPlay":false,"sceneViewState":{"showFog":false,"showMaterialUpdate":false,"showSkybox":false,"showFlares":false,"showImageEffects":false,"showParticleSystems":false},"in2DMode":false,"pivot":{"x":-0.022705078125,"y":-2.0540771484375,"z":1.44970703125},"rotation":{"x":-0.053215593099594119,"y":-0.07723244279623032,"z":0.004148826468735933,"w":-0.9956670999526978},"size":1.8801614046096802,"orthographic":true}