{"cameraMode":{"drawMode":0,"name":"Shaded","section":"Shading Mode"},"sceneLighting":true,"audioPlay":false,"sceneViewState":{"showFog":false,"showMaterialUpdate":false,"showSkybox":false,"showFlares":false,"showImageEffects":false,"showParticleSystems":false},"in2DMode":false,"pivot":{"x":0.7485986948013306,"y":4.7285895347595219,"z":0.18847984075546266},"rotation":{"x":-0.1997760534286499,"y":-0.06754538416862488,"z":-0.013826591894030571,"w":0.9774873852729797},"size":3.085622787475586,"orthographic":true}