{"cameraMode":{"drawMode":0,"name":"Shaded","section":"Shading Mode"},"sceneLighting":true,"audioPlay":false,"sceneViewState":{"showFog":false,"showMaterialUpdate":false,"showSkybox":false,"showFlares":false,"showImageEffects":false,"showParticleSystems":false},"in2DMode":false,"pivot":{"x":1.2435202598571778,"y":0.6727917194366455,"z":40.75246047973633},"rotation":{"x":-0.012898620218038559,"y":0.005086021032184362,"z":-0.00004924855602439493,"w":-0.9999887943267822},"size":14.151434898376465,"orthographic":true}