{"cameraMode":{"drawMode":0,"name":"Shaded","section":"Shading Mode"},"sceneLighting":true,"audioPlay":false,"sceneViewState":{"showFog":false,"showMaterialUpdate":false,"showSkybox":false,"showFlares":false,"showImageEffects":false,"showParticleSystems":false},"in2DMode":false,"pivot":{"x":-0.17724609375,"y":-1.0537109375,"z":-2.4345703125},"rotation":{"x":0.12787148356437684,"y":-0.053214170038700107,"z":0.006886100862175226,"w":0.9904281497001648},"size":5.278193950653076,"orthographic":true}