{"cameraMode":{"drawMode":0,"name":"Shaded","section":"Shading Mode"},"sceneLighting":false,"audioPlay":false,"sceneViewState":{"showFog":false,"showMaterialUpdate":false,"showSkybox":false,"showFlares":false,"showImageEffects":false,"showParticleSystems":false},"in2DMode":false,"pivot":{"x":410.39263916015627,"y":84.94235229492188,"z":0.0},"rotation":{"x":0.06982515007257462,"y":0.022438451647758485,"z":-0.0016193626215681434,"w":0.9973472356796265},"size":240.78067016601563,"orthographic":true}