{"cameraMode":{"drawMode":0,"name":"Shaded","section":"Shading Mode"},"sceneLighting":true,"audioPlay":false,"sceneViewState":{"showFog":false,"showMaterialUpdate":false,"showSkybox":false,"showFlares":false,"showImageEffects":false,"showParticleSystems":false},"in2DMode":false,"pivot":{"x":0.02371576428413391,"y":4.201744556427002,"z":0.04642169177532196},"rotation":{"x":0.06982515007257462,"y":0.022438451647758485,"z":-0.0016193626215681434,"w":0.9973472356796265},"size":3.4939093589782717,"orthographic":true}