{"cameraMode":{"drawMode":0,"name":"Shaded","section":"Shading Mode"},"sceneLighting":true,"audioPlay":false,"sceneViewState":{"showFog":false,"showMaterialUpdate":false,"showSkybox":false,"showFlares":false,"showImageEffects":false,"showParticleSystems":false},"in2DMode":false,"pivot":{"x":0.7305868864059448,"y":-1.3800578117370606,"z":3.377979278564453},"rotation":{"x":0.08284995704889298,"y":-0.10444758087396622,"z":0.008716931566596032,"w":0.9911088347434998},"size":6.83538818359375,"orthographic":true}