{"cameraMode":{"drawMode":0,"name":"Shaded","section":"Shading Mode"},"sceneLighting":false,"audioPlay":false,"sceneViewState":{"showFog":false,"showMaterialUpdate":false,"showSkybox":false,"showFlares":false,"showImageEffects":false,"showParticleSystems":false},"in2DMode":false,"pivot":{"x":3.950000047683716,"y":0.6499999761581421,"z":3.950000047683716},"rotation":{"x":0.3218591511249542,"y":-0.034090783447027209,"z":0.011551384814083577,"w":0.9461447596549988},"size":18.809999465942384,"orthographic":true}