{"cameraMode":{"drawMode":0,"name":"Shaded","section":"Shading Mode"},"sceneLighting":true,"audioPlay":false,"sceneViewState":{"showFog":false,"showMaterialUpdate":false,"showSkybox":false,"showFlares":false,"showImageEffects":false,"showParticleSystems":false},"in2DMode":false,"pivot":{"x":2.5999999046325685,"y":-2.0999999046325685,"z":-0.4000000059604645},"rotation":{"x":0.20213444530963899,"y":-0.2282329797744751,"z":0.04850171133875847,"w":0.951158344745636},"size":22.0,"orthographic":false}