{"cameraMode":{"drawMode":0,"name":"Shaded","section":"Shading Mode"},"sceneLighting":true,"audioPlay":false,"sceneViewState":{"showFog":false,"showMaterialUpdate":false,"showSkybox":false,"showFlares":false,"showImageEffects":false,"showParticleSystems":false},"in2DMode":false,"pivot":{"x":-2.548646926879883,"y":-1.5402815341949463,"z":1.951059341430664},"rotation":{"x":0.16594277322292329,"y":-0.3204280436038971,"z":0.057095929980278018,"w":0.9309113025665283},"size":7.0208024978637699,"orthographic":true}