{"cameraMode":{"drawMode":0,"name":"Shaded","section":"Shading Mode"},"sceneLighting":false,"audioPlay":false,"sceneViewState":{"showFog":false,"showMaterialUpdate":false,"showSkybox":false,"showFlares":false,"showImageEffects":false,"showParticleSystems":false},"in2DMode":false,"pivot":{"x":-95.3800048828125,"y":726.449951171875,"z":0.0},"rotation":{"x":0.004805026110261679,"y":-0.044988930225372317,"z":0.00021634469158016145,"w":0.9989773631095886},"size":1030.0767822265625,"orthographic":false}