{"cameraMode":{"drawMode":0,"name":"Shaded","section":"Shading Mode"},"sceneLighting":true,"audioPlay":false,"sceneViewState":{"showFog":false,"showMaterialUpdate":false,"showSkybox":false,"showFlares":false,"showImageEffects":false,"showParticleSystems":false},"in2DMode":false,"pivot":{"x":1.2435202598571778,"y":20.372791290283204,"z":40.75245666503906},"rotation":{"x":0.33661243319511416,"y":0.04940059036016464,"z":-0.017687007784843446,"w":0.9401811957359314},"size":46.85942840576172,"orthographic":false}