{"cameraMode":{"drawMode":0,"name":"Shaded","section":"Shading Mode"},"sceneLighting":true,"audioPlay":false,"sceneViewState":{"showFog":false,"showMaterialUpdate":false,"showSkybox":false,"showFlares":false,"showImageEffects":false,"showParticleSystems":false},"in2DMode":false,"pivot":{"x":-7.136963844299316,"y":5.132328033447266,"z":41.58008575439453},"rotation":{"x":0.004805026110261679,"y":-0.044988930225372317,"z":0.00021634469158016145,"w":0.9989773631095886},"size":30.60609245300293,"orthographic":false}